created_date,author,type,media,version,articleId,revenue>spend,Headline,Media link,campaign_name
2024-02-20,Andrii,Alt,IMG,v1,405047,False,‘OMG!’ Boy Accidentally Meets His Mom He Thought Had Died Years Ago – Story of the Day,image,405047 Alt v1 Andrii IMG
2024-02-20,Vasyl,Alt,IMG,v1,413122,True,"Older Man Is Fired 2 Hours after Taking Store Job, Receives $70K for Wife’s Treatment Next Day",image,413122 Alt v1 Vasyl IMG
2024-02-20,Dima,Alt,IMG,v1,411954,False,"Boy Finds Old Tube in Late Granny's Attic, History Teacher Opens It and Gasps – Story of the Day",image,411954 Alt v1 Dima IMG
2024-02-20,Yuliia,Alt,VID,v1,416170,True,Ordinary Pizza Box Helped Me Catch My Husband Cheating,video,416170 Alt v1 Yuliia VID
2024-02-20,Vasyl,Alt,GIF,v4,405305,True,Wife Loses Her Temper and Follows Husband Who Keeps Disappearing into Garage All Day,GIF,405305 Alt v4 Vasyl GIF
2024-02-20,Artem,Alt,GIF,v3,300646,True,"16-Year-Old Boy Creates In-Flight Drama, Publicly Humiliating the Flight Attendant",GIF,300646 Alt v3 Artem GIF
2024-02-20,Yuliia,Alt,IMG,v1,417502,False,I Saw My Husband Kissing Another Woman on Tv During a Baseball Game,image,417502 Alt v1 Yuliia IMG
2024-02-20,Andrii,Alt,IMG,v2,405227,False,"Father Destroys Son's Dream to Become a Dancer, Gets Sudden Call from Hospital Later",image,405227 Alt v2 Andrii IMG
2024-02-20,Vasyl,Alt,IMG,v4,404730,False,Kid Screams Every Time He Sees Old Family Photo until Mom Looks at It Closer,image,404730 Alt v4 Vasyl IMG
2024-02-19,Yuliia,Original,VID,v3,413802,True,"Wife Believes Husband is at Work, Unexpectedly Sees Him Entering Unknown Car and Exiting Town",video,413802 Original v3 Yuliia VID
2024-02-19,Artem,Original,IMG,v1,411064,True,"Single Dad Kindly Mows Elderly Neighbor's Lawn, Receives Mysterious Antique Box as Thanks",image,411064 Original v1 Artem IMG
2024-02-19,Dima,Alt,VID,v2,414903,True,"Young Pool Cleaner Finds Secret Door in Old Lady's Pool, He Doesn't Need to Work Anymore – Story of the Day",video,414903 Alt v2 Dima VID
2024-02-19,Vasyl,Alt,IMG,v2,414880,True,"Man Finds 3 Kids in His Basement, Learns They Secretly Live There Alone for a Year – Story of the Day",image,414880 Alt v2 Vasyl IMG
2024-02-19,Artem,Alt,VID,v2,411482,True,"Girl Rescues Old Lady From Her Son's Cruel Plan, Learns She's Her Boyfriend's Mom the Next Day",video,411482 Alt v2 Artem VID
2024-02-19,Yuliia,Original,IMG,v3,414164,True,Boy Blows Candles on B-Day Cake and Suddenly Falls to the Floor Unconscious – Story of the Day,image,414164 Original v3 Yuliia IMG
2024-02-19,Vasyl,Alt,VID,v2,414954,True,"Mom Notices Her Adopted Son Does Not Leave the Room, Goes in and Sees Another Baby in His Arms",video,414954 Alt v2 Vasyl VID
2024-02-19,Yuliia,Original,GIF,v1,414937,True,"Wife Notices Her Husband is Acting Suspiciously, Calls a Taxi to Secretly Follow Him",GIF,414937 Original v1 Yuliia GIF
2024-02-19,Andrii,Original,GIF,v3,414988,True,"Wealthy Man Watches News, Spots a Beggar Who Resembles His Long-Lost Wife",GIF,414988 Original v3 Andrii GIF
2024-02-18,Yuliia,Original,IMG,v4,414849,True,"Little Boy Finds Abandoned Stroller with Newborn Baby in Park, Years Later They Meet Again – Story of the Day",image,414849 Original v4 Yuliia IMG
2024-02-18,Vasyl,Alt,VID,v2,415109,False,"Woman Returns Home and Gags from Stench, Finds Uninvited Guest in Her Bedroom – Story of the Day",video,415109 Alt v2 Vasyl VID
2024-02-18,Vasyl,Alt,GIF,v2,415109,False,"Woman Comes Back Home From Work, Finds Homeless Man In Her Bed – Story of the Day",GIF,415109 Alt v2 Vasyl GIF
2024-02-18,Dima,Original,GIF,v2,414955,False,"Wife Returns from Husband's Funeral, Stunned to Find an Unknown Child Asleep in Her Car",GIF,414955 Original v2 Dima GIF
2024-02-18,Vasyl,Alt,VID,v1,415139,True,"Girl Watches TV Report on a Plane Crash's Lone Survivor, Shocked to See Her Own Face There – Story of the Day",video,415139 Alt v1 Vasyl VID
2024-02-18,Andrii,Original,VID,v2,415097,True,"Excited to Meet Son's New Girlfriend, Mother is Stunned When He Arrives With an Elderly Woman",video,415097 Original v2 Andrii VID
2024-02-18,Dima,Original,GIF,v1,414579,True,Military Man Is Kicked Out of Sister’s Wedding When He Arrives to Surprise Her – Story of the Day,GIF,414579 Original v1 Dima GIF
2024-02-18,Yuliia,Original,VID,v1,415069,True,"Lady Driver Caught Her Boss Cheating, Teaming up with His Wife They Take Revenge – Story of the Day",video,415069 Original v1 Yuliia VID
2024-02-18,Yuliia,Original,GIF,v4,410622,False,Woman Asks Stranger in the Park to Watch Her Twins for a Moment and Never Returns,GIF,410622 Original v4 Yuliia GIF
2024-02-17,Andrii,Original,IMG,v4,415065,False,"Rich Dad Makes Spoiled Son Wait Tables, Surprised by Unusual Request Days Later",image,415065 Original v4 Andrii IMG
2024-02-17,Dima,Original,GIF,v3,415100,True,Angry Husband Hunts for His Wife in Hospital – Story of the Day,GIF,415100 Original v3 Dima GIF
2024-02-17,Vasyl,Alt,GIF,v2,415396,True,Boy Falls into Dry Well and Finds Grandpa's Secret Bunker on the Bottom – Story of the Day,GIF,415396 Alt v2 Vasyl GIF
2024-02-17,Vasyl,Original,GIF,v1,415119,True,"Poor Housekeeper Wrongly Accused by Family, Turns Tables to Unmask True Thief",GIF,415119 Original v1 Vasyl GIF
2024-02-17,Dima,Original,GIF,v3,415385,True,"After Husband Dies, Widow Inherits Cheap Pendant, but Lady She Never Met Inherits His Property – Story of the Day",GIF,415385 Original v3 Dima GIF
2024-02-17,Vasyl,Alt,VID,v3,415288,False,Woman Is Sure Her Husband Died until She Comes across His New Tinder Profile – Story of the Day,video,415288 Alt v3 Vasyl VID
2024-02-17,Yuliia,Original,IMG,v4,415229,False,"Rich Guy Mocks Homeless Man, Stunned to See Him Inside a Fancy Hotel Later",image,415229 Original v4 Yuliia IMG
2024-02-17,Yuliia,Original,GIF,v2,415162,False,"Wife Returns Home From Work, Realizes Her Husband is Hiding Another Woman in Their House",GIF,415162 Original v2 Yuliia GIF
2024-02-17,Yuliia,Alt,VID,v4,415469,False,Stewardess Bans Arab Man from Boarding Plane Unaware He’s New Airline Owner – Story of the Day,video,415469 Alt v4 Yuliia VID
2024-02-16,Andrii,Original,GIF,v3,415328,True,Gender Reveal Party Goes Awry as Husband Declares to Pregnant Wife He's Sterile – Story of the Day,GIF,415328 Original v3 Andrii GIF
2024-02-16,Andrii,Original,IMG,v3,415364,True,Shocked Widow's Scream Halts Funeral as 'Deceased' Husband Emerges from Coffin,image,415364 Original v3 Andrii IMG
2024-02-16,Dima,Alt,IMG,v2,415372,False,Woman Spots Hand Emerging from Trunk of the Car in Front of Her – Story of the Day,image,415372 Alt v2 Dima IMG
2024-02-16,Yuliia,Original,VID,v4,415357,True,Widower's Heart Stirs as He Finds Unknown Birth Certificate in Wife's Belongings,video,415357 Original v4 Yuliia VID
2024-02-16,Artem,Alt,VID,v3,415523,False,"Cheater Gets Stepson into Trouble, Jilted Wife Turns the Tables on Him – Story of the Day",video,415523 Alt v3 Artem VID
2024-02-16,Andrii,Alt,VID,v2,415523,True,"Cheater Gets Stepson into Trouble, Jilted Wife Turns the Tables on Him – Story of the Day",video,415523 Alt v2 Andrii VID
2024-02-16,Dima,Alt,GIF,v4,410611,True,"Daughter Kicks Out Old Dad Coming to See Her on Birthday, He Suspects Something is Wrong",GIF,410611 Alt v4 Dima GIF
2024-02-16,Artem,Original,IMG,v1,415685,False,Teenage Girl Spots Her Own Face on a Milk Carton in Supermarket with the Word 'Missing',image,415685 Original v1 Artem IMG
2024-02-16,Vasyl,Original,IMG,v2,415548,True,"Rich Man’s Son Steals Few Bucks from Beggar, Pays Much Higher Price for That Later – Story of the Day",image,415548 Original v2 Vasyl IMG
2024-02-15,Artem,Original,IMG,v3,415634,True,"Missing Daughter Returns Home Decade Later, Pointing the Finger at Stepdad: ""He Did It""",image,415634 Original v3 Artem IMG
2024-02-15,Vasyl,Original,VID,v2,415520,True,"Arrogant Man Publicly Shames Immigrant, Learns a Hard Lesson the Next Day",video,415520 Original v2 Vasyl VID
2024-02-15,Artem,Original,IMG,v1,415734,False,Girl Thinks She’s Marrying Poor Loader until She Sees What Ring He Puts on Her Finger – Story of the Day,image,415734 Original v1 Artem IMG
2024-02-15,Vasyl,Alt,IMG,v2,415288,False,"Wife Mourning 'Late' Husband Stumbles Upon Him Alive, Kissing Her Best Friend",image,415288 Alt v2 Vasyl IMG
2024-02-15,Dima,Alt,VID,v2,401469,True,"Teacher Scolds Tardy Student, Discovers Painful Truth When Visits His Home",video,401469 Alt v2 Dima VID
2024-02-15,Artem,Original,GIF,v2,415729,True,Man Returns Home with Wife and Finds His Mistress in the Shower – Story of the Day,GIF,415729 Original v2 Artem GIF
2024-02-15,Yuliia,Alt,GIF,v2,415723,True,Rich Girl Meets Her Ex Begging on the Street – Story of the Day,GIF,415723 Alt v2 Yuliia GIF
2024-02-15,Vasyl,Original,IMG,v4,415509,True,Angry Husband Bursts in During His Wife's Video Call With Her Boss,image,415509 Original v4 Vasyl IMG
2024-02-15,Andrii,Alt,IMG,v4,415119,True,My Boss's Son Humiliated Me Every Day Until One Day I Taught Him a Lesson,image,415119 Alt v4 Andrii IMG
2024-02-14,Yuliia,Original,IMG,v3,301425,False,"3 Friends Reunite After 40 Years, Sense Trouble Upon Discovering a Note from Their Fourth Friend",image,301425 Original v3 Yuliia IMG
2024-02-14,Artem,Alt,IMG,v4,301425,True,"Three Friends Reunite After 40 Years, Uncover an Odd Note Left by Their Fourth Friend",image,301425 Alt v4 Artem IMG
2024-02-14,Andrii,Original,GIF,v3,416057,True,Boy Comes Home from Camp to Find Parents Gone and His House Up for Sale – Story of the Day,GIF,416057 Original v3 Andrii GIF
2024-02-14,Dima,Alt,IMG,v4,416023,True,Rich Man in Big SUV Blocks Ambulance in Traffic Unaware His Son Is inside — Story of the Day,image,416023 Alt v4 Dima IMG
2024-02-14,Vasyl,Original,IMG,v1,300646,True,"Entitled Teen Mocks Flight Attendant on Board, Faces Swift Karma Within Minutes",image,300646 Original v1 Vasyl IMG
2024-02-14,Vasyl,Original,IMG,v2,300646,False,"16-Year-Old Boy Creates In-Flight Drama, Publicly Humiliating the Flight Attendant",image,300646 Original v2 Vasyl IMG
2024-02-14,Andrii,Original,VID,v4,416056,True,"While Sister Inherits Mansion, Brother Gets Abandoned House and Finds a Hidden Floor There – Story of the Day",video,416056 Original v4 Andrii VID
2024-02-14,Vasyl,Original,GIF,v1,404094,True,"Man Dreams His Daughter Is Alive, Runs to Cemetery and Sees Her Grave Dug up – Story of the Day",GIF,404094 Original v1 Vasyl GIF
2024-02-14,Vasyl,Alt,GIF,v4,415866,True,Boy's Mother Disappeared 12 Years Ago - He Spots Her Medallion on a Local Coffee Shop Barista,GIF,415866 Alt v4 Vasyl GIF
2024-02-13,Dima,Alt,IMG,v3,403173,False,"I’m Coming, Baby!’ Mom Learns Her Son Got Lost in Forest During School Trip – Story of the Day",image,403173 Alt v3 Dima IMG
2024-02-13,Andrii,Original,IMG,v2,403321,True,Alice Isn't Your Real Daughter!' Mom's World Is Crushed by Old Nurse's Last Call – Story of the Day,image,403321 Original v2 Andrii IMG
2024-02-13,Yuliia,Original,GIF,v2,404117,True,I Found Little Baby with Note in My Suitcase – Story of the Day,GIF,404117 Original v2 Yuliia GIF
2024-02-13,Artem,Alt,VID,v3,404730,True,Kid Screams Every Time He Sees Old Family Photo until Mom Looks at It Closer – Story of the Day,video,404730 Alt v3 Artem VID
2024-02-13,Artem,Original,VID,v1,405305,False,Wife Loses Her Temper and Follows Husband Who Keeps Disappearing into Garage All Day — Story of the Day,video,405305 Original v1 Artem VID
2024-02-13,Dima,Original,IMG,v1,405202,True,Coach Mocks Boy at Baseball Game Unaware Kid's Dad is Standing Behind With Bat – Story of the Day,image,405202 Original v1 Dima IMG
2024-02-13,Vasyl,Alt,VID,v4,405196,True,"Boy Finds Huge Case Clue in Sandbox, Cop Tells Mom She's In Danger — Story of the Day",video,405196 Alt v4 Vasyl VID
2024-02-13,Andrii,Alt,IMG,v4,404898,True,"Girl Throws Away Cheap Old Ring Her Poor Grandma Gave Her, It Suddenly Opens — Story of the Day",image,404898 Alt v4 Andrii IMG
2024-02-13,Andrii,Original,GIF,v1,415760,True,Bride Enters the Room and Sees the Cleaning Lady in Her Wedding Dress,GIF,415760 Original v1 Andrii GIF
2024-02-12,Yuliia,Original,VID,v3,416002,True,"Сops Can’t Find Boy Who Didn’t Return from School, Week Later Dog Brings Mom His Backpack – Story of the Day",video,416002 Original v3 Yuliia VID
2024-02-12,Artem,Original,GIF,v4,416174,True,Mom of Missing Boy Finds His Glove in Forest near Barbed Wire with Text 'Danger Zone' – Story of the Day,GIF,416174 Original v4 Artem GIF
2024-02-12,Vasyl,Alt,IMG,v1,295505,True,New Manager Fired Me Thinking I Was a Janitor,image,295505 Alt v1 Vasyl IMG
2024-02-12,Artem,Alt,GIF,v1,405381,False,I Found a Strange Old Chest While Cutting Down a Tree in My Yard,GIF,405381 Alt v1 Artem GIF
2024-02-12,Yuliia,Alt,GIF,v1,415288,True,Woman Is Sure Her Husband Died until She Comes across His New Tinder Profile – Story of the Day,GIF,415288 Alt v1 Yuliia GIF
2024-02-12,Andrii,Alt,GIF,v4,416223,True,Cheating Husband Comes to Blind Date and Sees His Mom-in-Law There – Story of the Day,GIF,416223 Alt v4 Andrii GIF
2024-02-12,Yuliia,Alt,VID,v4,415766,False,"Robber Tried to Rob a Sick Man, and Later Learns a Lesson for Life",video,415766 Alt v4 Yuliia VID
2024-02-12,Artem,Alt,IMG,v4,416170,True,Cheating Husband Doesn’t Expect an Ordinary Box of Pizza Would Expose Him – Story of the Day,image,416170 Alt v4 Artem IMG
2024-02-12,Andrii,Original,VID,v4,416215,True,"Don't open weird boxes on your
shift if you want to keep your job!",video,416215 Original v4 Andrii VID
2024-02-11,Artem,Original,GIF,v1,416225,True,"Nasty Client Mistreats Migrant Massage Therapist, Gets What He Deserves Later — Story of the Day",GIF,416225 Original v1 Artem GIF
2024-02-11,Dima,Alt,VID,v2,415690,True,"Spoiled Rich Girl Mocks Beggar, He Teaches Her a Lesson – Story of the Day",video,415690 Alt v2 Dima VID
2024-02-11,Dima,Original,VID,v3,406255,True,"Elderly Man Refuses Entry to All, Neighbors Left Astonished When They Enter After His Passing",video,406255 Original v3 Dima VID
2024-02-11,Dima,Alt,IMG,v1,416720,False,"Mom Forces Daughter to Divorce Her Husband, Later Daughter Spots Them Two on Date – Story of the Day",image,416720 Alt v1 Dima IMG
2024-02-11,Yuliia,Alt,GIF,v4,415892,True,"Woman Adopts a Boy, 5 Years Later He Finds Out That She is Responsible for His Parents Death – Story of the Day",GIF,415892 Alt v4 Yuliia GIF
2024-02-11,Dima,Alt,GIF,v4,416474,True,"Days Before Wedding, Millionaire’s Daughter Dresses As Homeless to Test Her Wealthy Fiancé — Story of the Day",GIF,416474 Alt v4 Dima GIF
2024-02-11,Artem,Alt,IMG,v3,416489,True,Woman Learns That She Is Actually the Biological Mom of Her Adopted Son – Story of the Day,image,416489 Alt v3 Artem IMG
2024-02-11,Dima,Original,IMG,v4,416492,True,"Parents Secretly Exchange Their Ill Baby for a Healthy One in Hospital, She Shows up on Their Doorstep 18 Years Later",image,416492 Original v4 Dima IMG
2024-02-11,Dima,Original,VID,v4,416636,False,Elderly Man Refused to Be Thrown Out of a Nightclub So Easily,video,416636 Original v4 Dima VID
2024-02-10,Dima,Original,VID,v3,416047,True,"School Janitor Dies Alone in Poverty, Next Day His Kids Find Millions of Dollars in Their Accounts",video,416047 Original v3 Dima VID
2024-02-10,Artem,Alt,IMG,v1,415995,True,Devastated Mom Looking to Adopt Finds Girl at Agency Who's a Carbon Copy of Her Late Daughter,image,415995 Alt v1 Artem IMG
2024-02-10,Yuliia,Alt,IMG,v2,416438,False,Family Psychologist Gets an Envelope Signed 'Truth about Your Husband' – Story of the Day,image,416438 Alt v2 Yuliia IMG
2024-02-10,Andrii,Original,VID,v2,413877,False,"Wife Spots Husband Taking Wedding Ring off When He Leaves Home, Follows Him Once – Story of the Day",video,413877 Original v2 Andrii VID
2024-02-10,Dima,Original,IMG,v2,416673,True,"Saleswoman Paid for Her Disrespectful Behavior to the Poor Old Man
",image,416673 Original v2 Dima IMG
2024-02-10,Andrii,Alt,IMG,v2,416011,True,Man Goes on Date with Young Secretary not Knowing His Wife Is Sitting Behind Them,image,416011 Alt v2 Andrii IMG
2024-02-10,Vasyl,Original,GIF,v1,416312,False,"Woman Spots 'Help' on Car's Window in Traffic Jam, Realizes Something's Off",GIF,416312 Original v1 Vasyl GIF
2024-02-10,Yuliia,Alt,GIF,v2,416628,True,Husband Betrays Wife Freed From Prison and Gets What He Deserves,GIF,416628 Alt v2 Yuliia GIF
2024-02-10,Vasyl,Alt,IMG,v2,416745,True,"Sisters Do Unthinkable After Mom Goes Missing From Hospital
",image,416745 Alt v2 Vasyl IMG
2024-02-09,Artem,Alt,IMG,v4,416202,True,Missing Soldier Returns Home to Find His Wife Married,image,416202 Alt v4 Artem IMG
2024-02-09,Artem,Alt,VID,v4,413802,True,Lady Learns Her Husband Switches from SUV to Old Cheap Car Daily and Leaves City – Story of the Day,video,413802 Alt v4 Artem VID
2024-02-09,Andrii,Alt,VID,v3,416625,True,I Met My Husband's Fiancée,video,416625 Alt v3 Andrii VID
2024-02-09,Dima,Original,VID,v3,416867,True,"Stranger Helps Poor man In Store, Having No Idea How It Will Turn His Life Around",video,416867 Original v3 Dima VID
2024-02-09,Yuliia,Alt,VID,v2,413718,True,"Teacher Visits Boy Who Skips School, Learns He Tends to Little Sis Alone — Story of the Day",video,413718 Alt v2 Yuliia VID
2024-02-09,Artem,Alt,GIF,v1,416220,False,My Husband Came Back From Work Saying That He Took Revenge on His Boss,GIF,416220 Alt v1 Artem GIF
2024-02-09,Artem,Alt,GIF,v3,416885,True,Girl Finds Out Truth About Her Parents After Catching Them Red-Handed,GIF,416885 Alt v3 Artem GIF
2024-02-09,Artem,Alt,IMG,v1,416197,True,I Was Stuck in a Marriage With a Monster Until One Day I Got a Chance to Escape,image,416197 Alt v1 Artem IMG
2024-02-09,Yuliia,Alt,VID,v2,417072,True,I Went to My Daughter's Room to See That She and Her Things Were Gone,video,417072 Alt v2 Yuliia VID
2024-02-08,Yuliia,Alt,VID,v4,416824,False,"Mother-in-Law Turned My Thanksgiving into a Disaster, I Got My Revenge on Christmas",video,416824 Alt v4 Yuliia VID
2024-02-08,Yuliia,Alt,GIF,v3,416772,False,Military Veteran Suspects His Middle Child Is Not His & Takes DNA Test — Story of the Day,GIF,416772 Alt v3 Yuliia GIF
2024-02-08,Andrii,Original,IMG,v4,416475,True,My Mother-in-Law Ruined My Wedding ,image,416475 Original v4 Andrii IMG
2024-02-08,Dima,Alt,GIF,v3,417051,False,"Couple Can’t Adopt Boy Because of Poverty, Years Later He Came to Them in Luxury Car",GIF,417051 Alt v3 Dima GIF
2024-02-08,Artem,Original,GIF,v2,416475,True,Groom's Mom Realizes She Has to Ruin Son's Wedding After Sees a Mole on His Fiancée's Shoulder,GIF,416475 Original v2 Artem GIF
2024-02-08,Dima,Original,GIF,v3,417053,True,Rich Girl Laughs at Homeless Until She Finds Out Her Own Fate,GIF,417053 Original v3 Dima GIF
2024-02-08,Vasyl,Alt,IMG,v1,416423,True,"My Long-Time Mute Grandmother Said Only One Word, After Which I Immediately Called 911",image,416423 Alt v1 Vasyl IMG
2024-02-08,Andrii,Original,VID,v1,416447,False,"My Date Reveals a Photo of His Son, and I'm Stunned to See My Son's Doppelgänger",video,416447 Original v1 Andrii VID
2024-02-08,Dima,Original,GIF,v1,417056,True,"Girl Fights Back Catcaller, Teaching Him an Unforgettable Lesson",GIF,417056 Original v1 Dima GIF
2024-02-07,Dima,Original,GIF,v1,416877,True,"Poor Man Shelters Family in His Old Trailer during Storm, Finds Dozen of Boxes near Home Next Day – Story of the Day",GIF,416877 Original v1 Dima GIF
2024-02-07,Andrii,Alt,IMG,v4,416972,True,"Couple Leaves Children with Cousin for Restaurant Visit, Are Horrified to See Their House Surrounded by Police on TV — Story of the Day",image,416972 Alt v4 Andrii IMG
2024-02-07,Yuliia,Original,VID,v2,416424,True,My Wife Woke Up From a Coma and Pointed to Me as the Cause,video,416424 Original v2 Yuliia VID
2024-02-07,Artem,Alt,IMG,v2,417102,True,I Have 6 Little Children and They Have Been Disappearing One by One in Past Week,image,417102 Alt v2 Artem IMG
2024-02-07,Artem,Original,VID,v1,416997,False,Woman Hides Immigrant in a Car Trunk,video,416997 Original v1 Artem VID
2024-02-07,Artem,Original,IMG,v1,417038,False,Trophy Wife Seduces Her Husband's Bodyguard – Story of the Day,image,417038 Original v1 Artem IMG
2024-02-07,Dima,Alt,IMG,v4,416827,True,"Teen Lends Jacket to Old Lady Curling in the Cold, Next Day Girl Finds Ring & Note in Its Pocket — Story of the Day",image,416827 Alt v4 Dima IMG
2024-02-07,Dima,Alt,IMG,v2,416608,False,I Fed the Homeless Man Every Day Until One Day I Noticed a Familiar Watch on His Hand,image,416608 Alt v2 Dima IMG
2024-02-07,Andrii,Alt,VID,v3,417260,True,‘Gotcha!’ 5 Women in Wedding Dresses Interrupted Our Ceremony and Turned To My Fiancé,video,417260 Alt v3 Andrii VID
2024-02-06,Andrii,Original,GIF,v1,416634,False,The Bridal Salon Incident – They Had No Idea Who I Was!,GIF,416634 Original v1 Andrii GIF
2024-02-06,Vasyl,Alt,IMG,v3,417240,True,"Woman Constantly Works Late, One Day She Finds Her Boss’s Wife’s Mug at Home",image,417240 Alt v3 Vasyl IMG
2024-02-06,Yuliia,Original,GIF,v1,417253,True,Man Accidentally Sends His Hot Video to the Work Chat Instead of His Wife – Story of the Day,GIF,417253 Original v1 Yuliia GIF
2024-02-06,Artem,Original,IMG,v3,417214,True,Man Realised Who Homeless Woman Really Was By Her Scar After He Hit Her With Car,image,417214 Original v3 Artem IMG
2024-02-06,Dima,Alt,IMG,v2,416596,False,My Fiancé Forgot Me After He Returned From the Army,image,416596 Alt v2 Dima IMG
2024-02-06,Vasyl,Alt,IMG,v2,417418,True,"Parents Leave Daughter with Neighbor, Return to Find Both Mysteriously Vanished – Story of the Day",image,417418 Alt v2 Vasyl IMG
2024-02-06,Vasyl,Original,VID,v4,405367,True,Boy Cleans Grandpa’s Overgrown Grave and Finds Hidden Message There,video,405367 Original v4 Vasyl VID
2024-02-06,Artem,Original,VID,v3,417369,True,Girl Shouts Out Loud When She Sees Her Teacher for the First Time: 'My Dad Has a Picture of You' – Story of the Day,video,417369 Original v3 Artem VID
2024-02-06,Yuliia,Alt,VID,v3,416858,False,"I Couldn’t Figure Out Why My Girlfriend Spent Hours on the Toilet, until Her Phone Camera Was Left on by Mistake",video,416858 Alt v3 Yuliia VID
2024-02-05,Vasyl,Original,IMG,v4,411666,True,Couple is Exchanging Vows at Their Wedding When a Crying Pregnant Woman Bursts In,image,411666 Original v4 Vasyl IMG
2024-02-05,Dima,Original,IMG,v2,417228,True,"Man Secretly Takes an Online Mistress, Turns Out It’s His Wife",image,417228 Original v2 Dima IMG
2024-02-05,Dima,Original,IMG,v1,405925,True,There's Something Inside!' Boy Cries after Sitting on Old Sofa Late Granny Left Him – Story of the Day,image,405925 Original v1 Dima IMG
2024-02-05,Yuliia,Original,GIF,v2,414988,True,"Watching News Report from Paris, Man Recognizes Beggar as His Wife Who Disappeared 12 Years Ago – Story of the Day",GIF,414988 Original v2 Yuliia GIF
2024-02-05,Yuliia,Alt,GIF,v1,417402,True,New Girl Puts Boss in Place,GIF,417402 Alt v1 Yuliia GIF
2024-02-05,Yuliia,Original,VID,v4,416312,True,"Woman Spots 'Help' on Car's Window in Traffic Jam, Realizes Something's Off",video,416312 Original v4 Yuliia VID
2024-02-05,Dima,Alt,IMG,v1,416934,True,"‘Two Pizzas Please,’ Cop Thinks Girl Got Wrong Number until Strange Noises Appear in the Background",image,416934 Alt v1 Dima IMG
2024-02-05,Andrii,Alt,GIF,v4,417054,True,"Wife Throws Husband Out After Finding Stranger's Underpants, Later Begs Apology on Knees",GIF,417054 Alt v4 Andrii GIF
2024-02-05,Andrii,Original,IMG,v2,417420,True,"Groom Hides The Truth From His Bride, But Karma Gets The Job Done – Story of the Day",image,417420 Original v2 Andrii IMG
2024-02-04,Yuliia,Alt,VID,v3,417416,False,Student Makes a Pass at Female Professor – Story of the Day,video,417416 Alt v3 Yuliia VID
2024-02-04,Yuliia,Alt,GIF,v4,417502,False,Wife Sees Husband with Their Nanny on Kiss Cam while Watching Basketball Game,GIF,417502 Alt v4 Yuliia GIF
2024-02-04,Dima,Original,GIF,v2,416474,False,"My fiancé won't be thrilled, but I wanna try this before the wedding",GIF,416474 Original v2 Dima GIF
2024-02-04,Andrii,Original,GIF,v4,417034,True,My Mom is Dating My Ex,GIF,417034 Original v4 Andrii GIF
2024-02-04,Dima,Original,VID,v4,417367,False,"Store Staff Was Rude to Me over My Skin Color, Unaware Who I Really Am",video,417367 Original v4 Dima VID
2024-02-04,Artem,Original,GIF,v2,417642,True,Wife Finds Out That Her Husband Is Hiding Millions of Dollars from Her,GIF,417642 Original v2 Artem GIF
2024-02-04,Dima,Alt,IMG,v1,417182,True,My Husband's Mistress Knocked on My Door,image,417182 Alt v1 Dima IMG
2024-02-04,Vasyl,Alt,GIF,v4,417649,False,"Stepdad Almost Wins Custody Battle, Then Girl Says Three Words That Change Everything",GIF,417649 Alt v4 Vasyl GIF
2024-02-04,Artem,Alt,IMG,v4,417369,True,My Daughter Found Secret Photo of Her Teacher in My Husband’s Nightstand,image,417369 Alt v4 Artem IMG
2024-02-03,Artem,Alt,IMG,v2,417258,False,Woman Comes to Adopt a Child and Sees Her Late Son There,image,417258 Alt v2 Artem IMG
2024-02-03,Artem,Alt,GIF,v2,415100,True,‘Where’s She?!’ Angry Husband Bursts into Hospital after Wife Was Just Hospitalized – Story of the Day,GIF,415100 Alt v2 Artem GIF
2024-02-03,Andrii,Alt,GIF,v4,417387,False,Black Girl Isn't Let Inside the Club – Story of the Day,GIF,417387 Alt v4 Andrii GIF
2024-02-03,Yuliia,Alt,VID,v1,417608,True,Wife Sees Hot Girl Handing Her Husband a Note ‘Thanks for Last Night' – Story of the Day,video,417608 Alt v1 Yuliia VID
2024-02-03,Artem,Alt,GIF,v2,417637,True,Man Files for Divorce Immediately After Seeing His Newborn Son – Story of the Day,GIF,417637 Alt v2 Artem GIF
2024-02-03,Artem,Original,VID,v1,417224,True,"I Posted a Photo From My Wedding Anniversary, Suddenly Received a Call ""You're in Danger"" ",video,417224 Original v1 Artem VID
2024-02-03,Andrii,Original,GIF,v4,417777,True,Magician Saves Me From Abuser,GIF,417777 Original v4 Andrii GIF
2024-02-03,Vasyl,Original,IMG,v1,402614,True,"My Husband Kept Mocking Me for 'Doing Nothing' at Home, I Knew It Was Time to Teach Him a Lesson",image,402614 Original v1 Vasyl IMG
2024-02-03,Dima,Original,GIF,v3,417597,True,"I Thought My Granny Left Me Just an Urn of Ashes, Until the Urn Shatters One Day",GIF,417597 Original v3 Dima GIF
2024-02-02,Dima,Original,IMG,v1,414954,True,I Walked Into My Adopted Son's Room and Saw Him Nursing Strange Baby,image,414954 Original v1 Dima IMG
2024-02-02,Yuliia,Original,GIF,v2,417778,True,"Passerby Saves Girl from Abuser, not suspecting that it's a trap ",GIF,417778 Original v2 Yuliia GIF
2024-02-02,Artem,Original,IMG,v4,417937,True,My Boyfriend Forces Me to Diet,image,417937 Original v4 Artem IMG
2024-02-02,Dima,Original,VID,v4,418023,True,Millionaire Offered Man Million Dollars to Spend Night With His Wife,video,418023 Original v4 Dima VID
2024-02-02,Andrii,Alt,GIF,v1,417830,True,"Daughter Disappears, Father Tracks Her Phone and Loses the Gift of Speech – Story the Day",GIF,417830 Alt v1 Andrii GIF
2024-02-02,Andrii,Alt,VID,v2,417342,True,"My Wife Was Cheating on ME With My Boss, So I Decided to Take Revenge",video,417342 Alt v2 Andrii VID
2024-02-02,Yuliia,Original,IMG,v3,417783,True,"Rich Man Tries to Buy Poor Mechanic's Daughter, but Pays Too High Price for It – Story of the Day",image,417783 Original v3 Yuliia IMG
2024-02-02,Artem,Original,IMG,v3,417388,False,"I Sent Daughter to My Mom for Summer, Coming There I Learned My Mom Died and Daughter Disappeared",image,417388 Original v3 Artem IMG
2024-02-02,Vasyl,Alt,IMG,v4,417369,False,Girl Shouts Out Loud When She Sees Her Teacher for the First Time: 'My Dad Has a Picture of You' – Story of the Day,image,417369 Alt v4 Vasyl IMG
2024-02-01,Yuliia,Alt,GIF,v1,417428,False,"My Boss Made Me Dance for a Rich Man, It Turned Out That I Already Knew Him",GIF,417428 Alt v1 Yuliia GIF
2024-02-01,Yuliia,Original,IMG,v1,417861,True,Woman Adopts Non-English Speaking Girl - Astonished to Uncover the Truth When She Learns to Communicate – Story of the Day,image,417861 Original v1 Yuliia IMG
2024-02-01,Vasyl,Original,IMG,v4,417541,True,Boy Escapes Kidnapping Using Trick Taught by His Mother,image,417541 Original v4 Vasyl IMG
2024-02-01,Vasyl,Original,IMG,v1,417875,True,Spoiled Girl Mocks Maid Not Knowing Her Rich Dad Has Been Watching Her – Story of the Day,image,417875 Original v1 Vasyl IMG
2024-02-01,Yuliia,Original,GIF,v4,418032,False,Homeless Girl Won Rich Man’s Heart,GIF,418032 Original v4 Yuliia GIF
2024-02-01,Andrii,Original,GIF,v3,417416,False,Student Makes a Pass at Female Professor – Story of the Day,GIF,417416 Original v3 Andrii GIF
2024-02-01,Artem,Original,GIF,v3,416636,True,"Security Guard Kicks Old Man Out of a Club Not Knowing Who He Really Is
",GIF,416636 Original v3 Artem GIF
2024-02-01,Yuliia,Original,IMG,v2,418070,True,"Rich Woman Humiliates Shop Assistant, Karma Hits Her Back in a Few Minutes – Story of the Day",image,418070 Original v2 Yuliia IMG
2024-02-01,Artem,Original,GIF,v4,414954,True,I Found My Little Son Secretly Nursing Stranger Baby in His Room – Story of the Day,GIF,414954 Original v4 Artem GIF
2024-01-31,Andrii,Alt,VID,v1,416673,True,"Saleswoman Paid for Her Disrespectful Behavior to the Poor Old Man
",video,416673 Alt v1 Andrii VID
2024-01-31,Yuliia,Alt,VID,v1,417648,True,I Caught My Husband in Bed With My Student,video,417648 Alt v1 Yuliia VID
2024-01-31,Yuliia,Original,IMG,v2,417928,True,"Hotel Manager Humiliates Wheelchaired Woman, Next Day Sees Her Standing with Hotel Inspector – Story of the Day",image,417928 Original v2 Yuliia IMG
2024-01-31,Andrii,Alt,IMG,v4,418059,True,"Family Gathers for Old Businessman's Funeral, Shocked as They Hear His Voice Emerge from the Coffin – Story of the Day",image,418059 Alt v4 Andrii IMG
2024-01-31,Yuliia,Original,IMG,v3,417752,False,"I Posted a Cute Family Video in Facebook, the Next Day the Police Knocked on My Door",image,417752 Original v3 Yuliia IMG
2024-01-31,Artem,Original,VID,v3,418212,True,Cleaning Lady Exposes Husband's Affair With Glamorous Mistress,video,418212 Original v3 Artem VID
2024-01-31,Vasyl,Alt,VID,v3,418239,False,"I Realized That the Boy Pretending to Be My Son Was Not Really Him, but His Carbon Copy – Story of the Day",video,418239 Alt v3 Vasyl VID
2024-01-31,Andrii,Original,GIF,v3,418114,False,My Mom Put Me Up for Sale – Story of the Day,GIF,418114 Original v3 Andrii GIF
2024-01-31,Andrii,Original,GIF,v2,410935,True,Bride’s Mom Spots Groom Entering Bathroom with Bridesmaid in the Middle of Wedding – Story of the Day,GIF,410935 Original v2 Andrii GIF
2024-01-30,Yuliia,Alt,IMG,v3,417764,True,I Came Home to Found My Husband Talking to a Policeman,image,417764 Alt v3 Yuliia IMG
2024-01-30,Yuliia,Alt,GIF,v3,418059,True,"Family Gathers for Old Businessman's Funeral, Shocked as They Hear His Voice Emerge from the Coffin – Story of the Day",GIF,418059 Alt v3 Yuliia GIF
2024-01-30,Dima,Alt,VID,v3,417502,False,Wife Sees Husband with Their Nanny on Kiss Cam while Watching Basketball Game,video,417502 Alt v3 Dima VID
2024-01-30,Artem,Alt,VID,v1,418238,True,Woman's Birthday Lunch Erupts in Chaos After She Caught Fiancé Cheating,video,418238 Alt v1 Artem VID
2024-01-30,Vasyl,Original,IMG,v2,410562,True,My Wife Came Home from Son’s Funeral Holding Little Boy in Her Arms – Story of the Day,image,410562 Original v2 Vasyl IMG
2024-01-30,Artem,Alt,IMG,v1,417886,True,My Poor Janitor Father Left Me an Unexpected Inheritance,image,417886 Alt v1 Artem IMG
2024-01-30,Dima,Alt,GIF,v3,418239,False,"I Realized That the Boy Pretending to Be My Son Was Not Really Him, but His Carbon Copy – Story of the Day",GIF,418239 Alt v3 Dima GIF
2024-01-30,Dima,Alt,IMG,v2,418032,False,Homeless Girl Won Rich Man’s Heart,image,418032 Alt v2 Dima IMG
2024-01-30,Artem,Alt,VID,v2,418045,True,I Ran Away From My Own Wedding After Receiving a Mysterious Gift.,video,418045 Alt v2 Artem VID
2024-01-29,Yuliia,Original,IMG,v2,417930,False,I Saw My Boss Humiliating a Beggar Outside the Office and Decided to Intervene,image,417930 Original v2 Yuliia IMG
2024-01-29,Yuliia,Original,GIF,v2,417861,True,Woman Adopts Non-English Speaking Girl - Astonished to Uncover the Truth When She Learns to Communicate – Story of the Day,GIF,417861 Original v2 Yuliia GIF
2024-01-29,Artem,Original,IMG,v3,418271,False,I Brought My Son to the Hospital after Accident and Found Out That He Wasn’t Really My Son – Story of the Day,image,418271 Original v3 Artem IMG
2024-01-29,Artem,Alt,IMG,v3,418306,True,Jewelry Store Guard Frames Black Woman Unaware Who She Really Is,image,418306 Alt v3 Artem IMG
2024-01-29,Dima,Alt,IMG,v4,418390,True,My Husband Imprisoned Me in Golden Cage and Forced Me to Go On Diet,image,418390 Alt v4 Dima IMG
2024-01-29,Yuliia,Original,IMG,v1,413802,True,Lady Learns Her Husband Switches from SUV to Old Cheap Car Daily and Leaves City – Story of the Day,image,413802 Original v1 Yuliia IMG
2024-01-29,Yuliia,Original,VID,v2,418433,True,Boss Catches Maid with Man in His Bed,video,418433 Original v2 Yuliia VID
2024-01-29,Andrii,Alt,IMG,v3,418020,False,My Husband Dumped Me on Our Anniversary for Another Woman,image,418020 Alt v3 Andrii IMG
2024-01-29,Andrii,Original,VID,v2,418162,True,Waiter Poisons His Evil Boss – Story of the Day,video,418162 Original v2 Andrii VID
2024-01-28,Vasyl,Original,GIF,v2,418464,True,Rich Man Spots Old Cross on Maid’s Neck and Turns Pale from Sudden Memory,GIF,418464 Original v2 Vasyl GIF
2024-01-28,Yuliia,Alt,GIF,v2,417928,True,"Hotel Manager Evicts Disabled Woman for Wealthy Guests, His Boss Bursts into His Office Next Day – Story of the Day",GIF,417928 Alt v2 Yuliia GIF
2024-01-28,Dima,Original,GIF,v2,418537,False,"Waitress Finds Napkin Scribbled with the Words ""HELP ME"" on Restaurant Floor",GIF,418537 Original v2 Dima GIF
2024-01-28,Yuliia,Original,VID,v4,418433,True,"Housekeeper Exposes Her Boss's Lover, Shocked to See Familiar Face – Story of the Day",video,418433 Original v4 Yuliia VID
2024-01-28,Vasyl,Original,IMG,v3,418327,True,"My Elderly Neighbor Repeatedly Quarreled With Me, Until One Day She Vanished With My Children",image,418327 Original v3 Vasyl IMG
2024-01-28,Dima,Alt,VID,v3,418577,False,"Guy Saves Girl from Harasser on Bus, Not Imagining What Reward He’ll Get the Next Day",video,418577 Alt v3 Dima VID
2024-01-28,Artem,Original,IMG,v1,413476,True,"Orphan Boy Sells Granny's Ring for Food, Buyer Recognizes It as His Family Heirloom – Story of the Day",image,413476 Original v1 Artem IMG
2024-01-28,Yuliia,Alt,IMG,v3,413316,False,"My Father Kicked My Mom and Me Out of the House for a Mistress, Years Later I Paid Him Back",image,413316 Alt v3 Yuliia IMG
2024-01-28,Yuliia,Original,GIF,v2,418162,True,"Waiter Poisons the Drink of His Evil Boss, Sees that His Daughter is About to Drink It – Story of the Day",GIF,418162 Original v2 Yuliia GIF
2024-01-27,Dima,Alt,IMG,v2,418539,True,"My Husband Sleepwalks Somewhere at Night, Once I Followed Him – Story of the Day",image,418539 Alt v2 Dima IMG
2024-01-27,Artem,Alt,GIF,v4,418537,True,"Waitress Finds Napkin Scribbled with the Words ""HELP ME"" on Restaurant Floor",GIF,418537 Alt v4 Artem GIF
2024-01-27,Andrii,Original,IMG,v4,418511,False,"I Let Santa-In-Disguise into House, Unaware He Is Not Who He Claims to Be – Story of the Day",image,418511 Original v4 Andrii IMG
2024-01-27,Andrii,Alt,GIF,v4,417930,False,"Rich Guy Insults Homeless Man, until He Realizes That He Is His Carbon Copy",GIF,417930 Alt v4 Andrii GIF
2024-01-27,Vasyl,Alt,IMG,v3,412606,False,"‘She’s Not My Sister,’ Boy Says of Newborn Sibling, Parents Take DNA Test Confirming It – Story of the Day",image,412606 Alt v3 Vasyl IMG
2024-01-27,Yuliia,Alt,IMG,v1,418384,False,I Woke Up in a Stranger's Bed After an Evening With Friends,image,418384 Alt v1 Yuliia IMG
2024-01-27,Andrii,Alt,IMG,v3,418577,True,"Guy Notices a Scoundrel Harassing a Girl on a Bus, Rushes to Her Aid Immediately ",image,418577 Alt v3 Andrii IMG
2024-01-27,Vasyl,Original,IMG,v3,418772,True,Orchestra Commission Rejects Black Musician Due to Racial Bias,image,418772 Original v3 Vasyl IMG
2024-01-27,Vasyl,Alt,VID,v2,418539,True,"My Husband Sleepwalks Somewhere at Night, Once I Followed Him",video,418539 Alt v2 Vasyl VID
2024-01-26,Andrii,Original,IMG,v3,418511,False,"I Let Santa-In-Disguise into House, Unaware He Is Not Who He Claims to Be",image,418511 Original v3 Andrii IMG
2024-01-26,Yuliia,Original,VID,v2,418538,False,"Robber Stole My Bag, I Tracked Him Down Through the Laptop Inside It – Story of the Day",video,418538 Original v2 Yuliia VID
2024-01-26,Vasyl,Alt,GIF,v3,418817,True,"I Worked Hard to Get My Son Back from Shelter, but When I Got There He Was Gone – Story of the Day",GIF,418817 Alt v3 Vasyl GIF
2024-01-26,Andrii,Original,GIF,v1,418346,True,"Rich Man Humiliates Waterman, Then Learns Valuable Lesson",GIF,418346 Original v1 Andrii GIF
2024-01-26,Yuliia,Original,IMG,v2,413148,True,"Boss Fired Me Because I Looked ‘Too Old,’ Next Day He Sent Limo for Me and Begged To Return",image,413148 Original v2 Yuliia IMG
2024-01-26,Dima,Original,VID,v2,418538,True,"Robber Stole My Bag, I Tracked Him Down Through the Laptop Inside It",video,418538 Original v2 Dima VID
2024-01-26,Vasyl,Alt,IMG,v1,418500,False,"My Husband Cheated on Me With Another Woman, Later Karma Struck Him Back",image,418500 Alt v1 Vasyl IMG
2024-01-26,Yuliia,Original,VID,v4,407141,True,Soldier Returns from Duty and Finds His Mom Living in Tent near Her House – Story of the Day,video,407141 Original v4 Yuliia VID
2024-01-26,Artem,Alt,IMG,v3,418772,False,"Casting Director Shames Black Musician, Karma Immediately Hits Him Back – Story of the Day",image,418772 Alt v3 Artem IMG
2024-01-25,Vasyl,Original,IMG,v2,413642,True,"Mother Returns Home to Find That Her Son Has Disappeared, Leaving Only a Note",image,413642 Original v2 Vasyl IMG
2024-01-25,Dima,Original,GIF,v4,418384,True,"I Fell Asleep in My Bed, But Woke up in Someone Else’s",GIF,418384 Original v4 Dima GIF
2024-01-25,Dima,Original,IMG,v1,418817,False,"I Worked Hard to Get My Son Back from Shelter, but When I Got There He Was Gone – Story of the Day",image,418817 Original v1 Dima IMG
2024-01-25,Vasyl,Original,VID,v4,416673,True,"Saleswoman Mocked a Poor Customer Until She Realized Who He Really Was
",video,416673 Original v4 Vasyl VID
2024-01-25,Vasyl,Alt,IMG,v1,416636,False,"Security Guard Kicks Old Man Out of a Club Not Knowing Who He Really Is
",image,416636 Alt v1 Vasyl IMG
2024-01-25,Vasyl,Original,GIF,v2,418749,True,I Got Pregnant while Sleeping – Story of the Day,GIF,418749 Original v2 Vasyl GIF
2024-01-25,Vasyl,Original,IMG,v4,418500,True,"My Husband Died in a Plane Crash, Years Later I Met Him in a Supermarket With His Mother",image,418500 Original v4 Vasyl IMG
2024-01-25,Vasyl,Alt,IMG,v4,418702,True,This Wedding is Canceled!' Groom Shouts After Learning the Truth About His Bride,image,418702 Alt v4 Vasyl IMG
2024-01-25,Andrii,Original,IMG,v3,418634,True,Caring Neighbor Put All Efforts To Rescue Poor Woman From Her Husband — Story of the Day,image,418634 Original v3 Andrii IMG
2024-01-24,Dima,Original,IMG,v2,417053,True,Rich Girl Laughs at Homeless Until She Finds Out Her Own Fate,image,417053 Original v2 Dima IMG
2024-01-24,Dima,Alt,VID,v1,418495,False,"Boss Pressures Employee to Wear Miniskirt and Makeup, Later Everyone Hears a Scream From His Office",video,418495 Alt v1 Dima VID
2024-01-24,Andrii,Alt,VID,v3,417053,False,Rich Girl Laughs at Homeless Until She Finds Out Her Own Fate,video,417053 Alt v3 Andrii VID
2024-01-24,Artem,Original,IMG,v1,406255,False,"My Old Neighbor Never Let Anyone into His House, I Came inside after His Death and Was Shocked",image,406255 Original v1 Artem IMG
2024-01-24,Yuliia,Original,VID,v2,418059,True,"Family Gathers for Old Businessman's Funeral, Shocked as They Hear His Voice Emerge from the Coffin – Story of the Day",video,418059 Original v2 Yuliia VID
2024-01-24,Dima,Alt,GIF,v4,418634,False,Caring Neighbor Put All Efforts To Rescue Poor Woman From Her Husband — Story of the Day,GIF,418634 Alt v4 Dima GIF
2024-01-24,Dima,Alt,IMG,v3,419007,True,"Wife Notices Husband Always Leaves the House When His Phone Rings, One Day Decides to Follow Him",image,419007 Alt v3 Dima IMG
2024-01-24,Yuliia,Alt,GIF,v1,418902,False,"My Husband Said I Am Too Fat to Be Attractive, So I Decided to Hit Him Back",GIF,418902 Alt v1 Yuliia GIF
2024-01-24,Artem,Original,VID,v1,413740,True,I Was Sure That My Husband's Daughter Lived With Us Until I Came Home Early,video,413740 Original v1 Artem VID
2024-01-23,Artem,Alt,IMG,v4,418495,True,Newcomer Girl Taught Our Sexist Boss The Most Brilliant Lesson Ever,image,418495 Alt v4 Artem IMG
2024-01-23,Vasyl,Original,VID,v4,410622,True,"Single Mom of 3 Adopts Twins She Watched in Park, Their Birth Mom Shows up on Their 18th Bday – Story of the Day",video,410622 Original v4 Vasyl VID
2024-01-23,Vasyl,Alt,IMG,v1,417937,True,My Boyfriend Forces Me to Diet,image,417937 Alt v1 Vasyl IMG
2024-01-23,Andrii,Original,GIF,v4,419069,True,"My Girlfriend Convinced Me of Daughter’s Death, One Phone Call to Us Revealed Truth",GIF,419069 Original v4 Andrii GIF
2024-01-23,Artem,Original,IMG,v1,418902,False,"Man Calls His Wife Too Fat to Be Attractive, and Karma Hits Him Back",image,418902 Original v1 Artem IMG
2024-01-23,Vasyl,Original,VID,v3,410622,True,"Single Mom of 3 Adopts Twins She Watched in Park, Their Birth Mom Shows up on Their 18th Bday – Story of the Day",video,410622 Original v3 Vasyl VID
2024-01-23,Andrii,Original,GIF,v2,418962,True,"Man Swaps Newborn Daughter at Hospital, 20 Years Later, She Appears on His Doorstep — Story of the Day",GIF,418962 Original v2 Andrii GIF
2024-01-23,Vasyl,Alt,IMG,v3,418754,True,I Came Home Early and Found My Husband in Bed With Another Woman,image,418754 Alt v3 Vasyl IMG
2024-01-23,Dima,Alt,GIF,v2,410006,True,‘The Groom Is a Fraud! Here’s the Proof!’ Stranger Woman Interrupts Bride’s Vow — Story of the Day,GIF,410006 Alt v2 Dima GIF
2024-01-22,Artem,Original,IMG,v3,418537,True,"Waitress Finds Napkin Scribbled with the Words ""HELP ME"" on Restaurant Floor — Story of the Day",image,418537 Original v3 Artem IMG
2024-01-22,Dima,Original,IMG,v1,418032,True,Homeless Girl Won Rich Man’s Heart,image,418032 Original v1 Dima IMG
2024-01-22,Dima,Alt,IMG,v2,418754,True,"Man Cheats on His Wife With Cunning Mistress, and Later Karma Hits Him Back",image,418754 Alt v2 Dima IMG
2024-01-22,Dima,Alt,VID,v1,418962,False,"Man Answers a Knock, Finds Daughter Lost 19 Years Ago on His Doorstep",video,418962 Alt v1 Dima VID
2024-01-22,Artem,Alt,VID,v4,419069,True,"My Girlfriend Convinced Me That My Daughter Had Died, But Evidence I Found Uncovered the Truth – Story of the Day",video,419069 Alt v4 Artem VID
2024-01-22,Artem,Alt,IMG,v3,419143,True,I Fell in Love with a Millionaire Who Almost Ran Me Over ,image,419143 Alt v3 Artem IMG
2024-01-22,Artem,Alt,VID,v2,419074,False,"Rude Man Insults Woman at Airport, Unaware She’ll Teach Him the Most Brilliant Lesson Ever",video,419074 Alt v2 Artem VID
2024-01-22,Artem,Original,GIF,v2,403889,True,"Boy Doesn’t Come Home for Dinner, ‘We Have Your Son!’ Phone Call Leaves Dad Shaken",GIF,403889 Original v2 Artem GIF
2024-01-22,Yuliia,Alt,GIF,v1,419007,True,"Man Chats with Mistress In Front of His Wife, and Later Karma Hits Him Back",GIF,419007 Alt v1 Yuliia GIF
2024-01-21,Andrii,Alt,GIF,v1,419074,True,"Rude Man Insults Woman at Airport, Unaware She’ll Teach Him the Most Brilliant Lesson Ever",GIF,419074 Alt v1 Andrii GIF
2024-01-21,Vasyl,Original,VID,v4,410006,True,"Unknown Woman Bursts into the Wedding Ceremony, Accusing Groom of Lying",video,410006 Original v4 Vasyl VID
2024-01-21,Dima,Alt,IMG,v4,419034,True,I Found Out My Wife’s Leading a Double Life after I Saw One Message,image,419034 Alt v4 Dima IMG
2024-01-21,Dima,Original,VID,v1,419291,False,I Found Strange Photos of My Dad in My Roommate’s Bedside Table,video,419291 Original v1 Dima VID
2024-01-21,Andrii,Alt,IMG,v3,419053,True,Woman Realizes Her Boyfriend Has Betrayed Her the Moment He Proposes to Her — Story of the Day,image,419053 Alt v3 Andrii IMG
2024-01-21,Yuliia,Original,IMG,v2,418032,True,Homeless Girl Won Rich Man’s Heart,image,418032 Original v2 Yuliia IMG
2024-01-21,Andrii,Original,GIF,v2,406545,True,Mom Ignores Pimple on Son’s Back until It Sharply Enlarges and Starts Moving – Story of the Day,GIF,406545 Original v2 Andrii GIF
2024-01-21,Andrii,Original,IMG,v1,418212,True,Cleaning Lady Exposes Husband's Affair With Glamorous Mistress,image,418212 Original v1 Andrii IMG
2024-01-21,Dima,Alt,GIF,v4,419069,False,I Learned Shocking Truth about My Daughter’s Death from My Girlfriend's Secret Phone Call,GIF,419069 Alt v4 Dima GIF
2024-01-20,Vasyl,Original,IMG,v4,419034,False,I Found Out My Wife’s Leading a Double Life after I Saw One Message,image,419034 Original v4 Vasyl IMG
2024-01-20,Vasyl,Original,GIF,v2,418390,True,"My Husband Controls My Diet, Once I Disobeys Him",GIF,418390 Original v2 Vasyl GIF
2024-01-20,Artem,Original,IMG,v1,419053,False,"Guardians Kick Out Girl on Her 18th Birthday, Beg Her on Knees to Return Next Day",image,419053 Original v1 Artem IMG
2024-01-20,Artem,Alt,IMG,v2,418634,True,I Saw What My Neighbor's Doing to His Wife in Their Backyard and Called 911 Immediately — Story of the Day,image,418634 Alt v2 Artem IMG
